m,t,n,k,ebno_db,ber,ber_uncoded,cwer,codewords,avg_enc_us,avg_dec_us
11,25,2047,1772,0,0.0952302,0.0784572,1,115,29.4696,465.704
11,25,2047,1772,1,0.0711797,0.0573707,1,115,31.913,568.157
11,25,2047,1772,2,0.0513151,0.0376386,1,115,30.1739,535.261
11,25,2047,1772,3,0.0331436,0.0238296,1,115,31.9304,557.47
11,25,2047,1772,4,0.0205957,0.0123074,1,115,35.4348,600.826
11,25,2047,1772,5,0.00150678,0.00577222,0.10664,994,38.2988,449.897
11,25,2047,1772,6,4.33197e-08,0.00238812,3.0705e-06,977039,31.8484,340.916
11,25,2047,1772,7,0,0.000774651,0,977039,31.3669,287.706
