m,t,n,k,ebno_db,ber,ber_uncoded,fer,frames,avg_enc_us,avg_dec_us
7,5,127,92,0,0.11837,0.081413,1,0,1.49,8.81
7,5,127,92,1,0.0891304,0.055176,0.961905,0,1.59048,9.2381
7,5,127,92,2,0.0619209,0.0370634,0.827869,0,1.59836,10
7,5,127,92,3,0.0351831,0.0210526,0.531579,0,1.48421,9.06842
7,5,127,92,4,0.00976419,0.0131976,0.154083,0,1.4792,7.86595
7,5,127,92,5,0.00107376,0.00602241,0.0186741,0,1.51914,7.20523
7,5,127,92,6,3.68436e-05,0.00237971,0.000653104,0,1.92728,6.46437
7,5,127,92,7,4.45652e-07,0.000770739,8e-06,0,1.68061,4.84351
7,5,127,92,8,0,0.000192315,0,0,1.62764,4.29929
