m,t,n,k,ebno_db,ber,ber_uncoded,cwer,codewords,avg_enc_us,avg_dec_us
7,10,127,64,0,0.165959,0.0810073,1,103,3.38835,30.6699
7,10,127,64,1,0.1318,0.0590278,0.953704,108,2.38889,28.9352
7,10,127,64,2,0.100163,0.0425606,0.768657,134,2.23881,32.1866
7,10,127,64,3,0.0489628,0.0249865,0.439655,232,2.18966,33.4052
7,10,127,64,4,0.0126864,0.0124027,0.129702,771,2.81712,29.5097
7,10,127,64,5,0.00093317,0.00597229,0.00955566,10465,3.09852,25.9569
7,10,127,64,6,1.36739e-05,0.00238315,0.000141607,706182,1.94158,16.4498
7,10,127,64,7,0,0.000773788,0,787401,2.00129,15.0725
