m,t,n,k,ebno_db,ber,ber_uncoded,cwer,codewords,avg_enc_us,avg_dec_us
15,50,32767,32017,0,0.0809825,0.0788261,1,103,1214.1,50402.7
15,50,32767,32017,1,0.0582527,0.0563915,1,103,972.107,40735.8
15,50,32767,32017,2,0.0392601,0.0376269,1,103,917.282,39786
15,50,32767,32017,3,0.0242138,0.0229881,1,103,971.136,40299
15,50,32767,32017,4,0.013283,0.012668,1,103,1177.96,43859
15,50,32767,32017,5,0.00643711,0.00604442,1,103,965.068,42343
15,50,32767,32017,6,0.00264332,0.00243499,1,103,907.573,40476.9
15,50,32767,32017,7,0,0.000778266,0,3051,1007.47,37247.6
