m,t,n,k,ebno_db,ber,ber_uncoded,fer,frames,avg_enc_us,avg_dec_us
15,50,32767,32017,0,0.0810795,0.0789073,1,101,838.693,26403.9
15,50,32767,32017,1,0.0584414,0.0563021,1,101,788.95,26106.9
15,50,32767,32017,2,0.0391373,0.0375283,1,101,744.079,23485.7
15,50,32767,32017,3,0.0240698,0.0227138,1,101,762.455,24772.1
15,50,32767,32017,4,0.0132393,0.0124105,1,101,867.109,25629.5
15,50,32767,32017,5,0.00643687,0.00593342,1,101,754.238,25342.2
15,50,32767,32017,6,0.00263969,0.00245754,1,101,822.673,26701.9
15,50,32767,32017,7,3.24827e-07,0.000776291,0.0002,10000,784.631,20455.9
15,50,32767,32017,8,0,0.000192545,0,10000,779.794,16075.1
