m,t,n,k,ebno_db,ber,ber_uncoded,cwer,codewords,avg_enc_us,avg_dec_us
11,15,2047,1882,0,0.0872199,0.0798364,1,115,25.6174,263.017
11,15,2047,1882,1,0.0642101,0.0576537,1,115,25.6087,245.07
11,15,2047,1882,2,0.0427205,0.0387423,1,115,32.2696,270.165
11,15,2047,1882,3,0.0261101,0.023518,1,115,25.8696,242.226
11,15,2047,1882,4,0.0151273,0.0129187,1,115,25.8522,267.183
11,15,2047,1882,5,0.0058172,0.00637005,0.606936,173,25.6185,235.231
11,15,2047,1882,6,2.2281e-05,0.00239261,0.00256059,39444,29.4385,215.372
11,15,2047,1882,7,0,0.000773582,0,977039,31.6535,192.018
