m,t,n,k,ebno_db,ber,ber_uncoded,fer,frames,avg_enc_us,avg_dec_us
7,15,127,36,0,0.236249,0.0836084,1,0,1.05941,60.4257
7,15,127,36,1,0.20915,0.0620915,0.990196,0,15,45.9412
7,15,127,36,2,0.17686,0.0395005,0.926606,0,1.0367,48.5596
7,15,127,36,3,0.112293,0.0277778,0.70922,0,1.13475,28.8723
7,15,127,36,4,0.0576583,0.0140549,0.398406,0,1.04781,35.3147
7,15,127,36,5,0.0140138,0.00596626,0.0999001,0,1.01798,25.4276
7,15,127,36,6,0.00149157,0.0024242,0.0113045,0,1.01243,22.508
7,15,127,36,7,3.67882e-05,0.000770624,0.000277647,0,1.37797,22.704
7,15,127,36,8,0,0.000196361,0,0,1.53167,21.5819
