m,t,n,k,ebno_db,ber,ber_uncoded,fer,frames,avg_enc_us,avg_dec_us
15,100,32767,31267,0,0.083461,0.0785841,1,0,1074.07,50730
15,100,32767,31267,1,0.0605541,0.0562153,1,0,1057.99,49147
15,100,32767,31267,2,0.0412522,0.0375213,1,0,1153.53,52469.2
15,100,32767,31267,3,0.0255725,0.022853,1,0,1072.2,49261.5
15,100,32767,31267,4,0.0143719,0.0125191,1,0,1081.44,49957.6
15,100,32767,31267,5,0.00706594,0.0059893,1,0,1171.24,50809.2
15,100,32767,31267,6,0.00113286,0.00242914,0.34589,0,1142.11,48839.8
15,100,32767,31267,7,0,0.000771692,0,0,1084.82,35886.3
