m,t,n,k,ebno_db,ber,ber_uncoded,cwer,codewords,avg_enc_us,avg_dec_us
15,20,32767,32467,0,0.0805374,0.0783889,1,115,582.304,7807.39
15,20,32767,32467,1,0.0579347,0.0560018,1,114,569.254,7714.36
15,20,32767,32467,2,0.0384626,0.0373479,1,115,532.617,7723.26
15,20,32767,32467,3,0.0236802,0.0227463,1,115,587.496,7811.51
15,20,32767,32467,4,0.0129348,0.0124074,1,113,541.487,7732.85
15,20,32767,32467,5,0.00614082,0.00588906,1,115,607.887,7704.69
15,20,32767,32467,6,0.00251975,0.0023545,1,115,562.583,7718.19
15,20,32767,32467,7,0.000712948,0.000741122,0.844961,129,581.915,7674.03
15,20,32767,32467,8,0,0.000191709,0,61037,522.001,6063.4
