m,t,n,k,ebno_db,ber,ber_uncoded,cwer,codewords,avg_enc_us,avg_dec_us
11,40,2047,1618,0,0.105541,0.0787714,1,115,31.1565,780.47
11,40,2047,1618,1,0.0792014,0.0560004,1,115,29.7391,716.417
11,40,2047,1618,2,0.0580857,0.036626,1,115,31.0174,765.243
11,40,2047,1618,3,0.0401462,0.0228086,1,115,29.5913,777.878
11,40,2047,1618,4,0.0217282,0.0129886,0.875,128,30.4922,743.594
11,40,2047,1618,5,6.39469e-05,0.00591792,0.00304044,32890,32.4639,634.527
11,40,2047,1618,6,0,0.00239579,0,977039,30.8611,492.603
