m,t,n,k,ebno_db,ber,ber_uncoded,cwer,codewords,avg_enc_us,avg_dec_us
15,35,32767,32242,0,0.0807577,0.0793132,1,115,706.565,13852.4
15,35,32767,32242,1,0.0580455,0.0563497,1,115,614.113,14136.9
15,35,32767,32242,2,0.0386105,0.0378855,1,115,608.696,13872.3
15,35,32767,32242,3,0.0236276,0.0229568,1,115,678.435,13711.5
15,35,32767,32242,4,0.0129283,0.0125081,1,115,643.017,13801.3
15,35,32767,32242,5,0.00625676,0.00590237,1,115,681.487,13779.9
15,35,32767,32242,6,0.00264063,0.00223958,1,115,648.174,13664.7
15,35,32767,32242,7,0.000132996,0.000769713,0.11172,913,616.877,12823.4
15,35,32767,32242,8,0,0.000191815,0,61037,577.962,9515.36
