m,t,n,k,ebno_db,ber,ber_uncoded,cwer,codewords,avg_enc_us,avg_dec_us
15,50,32767,32017,0,0.0802965,0.0790561,1,115,737.157,20446.2
15,50,32767,32017,1,0.058007,0.0566463,1,115,765.235,19908
15,50,32767,32017,2,0.0387479,0.0377989,1,115,711.8,20119.4
15,50,32767,32017,3,0.0242504,0.023343,1,115,711.696,20033.2
15,50,32767,32017,4,0.0134407,0.0126604,1,115,708.73,19483.4
15,50,32767,32017,5,0.00666222,0.00628443,1,115,682.278,20387.7
15,50,32767,32017,6,0.00274908,0.0024343,1,115,707.809,20108.9
15,50,32767,32017,7,2.10826e-07,0.000772464,0.000131068,61037,632.958,16218.7
15,50,32767,32017,8,0,0.000190673,0,61037,617.285,13090.5
