m,t,n,k,ebno_db,ber,ber_uncoded,cwer,codewords,avg_enc_us,avg_dec_us
7,11,127,57,0,0.169424,0.0860485,1,105,0.27619,8.94286
7,11,127,57,1,0.160488,0.0683448,1,115,1.62609,13.3913
7,11,127,57,2,0.104216,0.044907,0.835821,134,1.13433,15.0149
7,11,127,57,3,0.0587077,0.0222507,0.531707,205,1.07317,13.9561
7,11,127,57,4,0.0157164,0.0116698,0.153274,672,1.26786,11.5789
7,11,127,57,5,0.0011972,0.00590153,0.0117454,8514,1.01762,10.3904
7,11,127,57,6,3.69573e-05,0.00238906,0.000378878,263937,1.05492,9.27688
7,11,127,57,7,3.68421e-07,0.000772965,3.5e-06,2000000,1.07147,8.3028
7,11,127,57,8,0,0.000185956,0,2000000,1.06834,7.48597
