m,t,n,k,ebno_db,ber,ber_uncoded,fer,frames,avg_enc_us,avg_dec_us
7,10,127,64,0,0.165288,0.0807292,0.990196,0,1.06863,66.0294
7,10,127,64,1,0.127855,0.0606971,0.971154,0,1.09615,82.2692
7,10,127,64,2,0.101425,0.0409814,0.885965,0,3.04386,24.9561
7,10,127,64,3,0.0414686,0.0244772,0.380228,0,8.76426,16.4335
7,10,127,64,4,0.00972877,0.0120562,0.0993049,0,1.0288,25.1152
7,10,127,64,5,0.000728512,0.00584213,0.00748391,0,1.03488,14.0031
7,10,127,64,6,1.42865e-05,0.00239107,0.00015138,0,1.22133,12.8573
7,10,127,64,7,1.25e-07,0.0007685,1e-06,0,1.27424,11.4989
7,10,127,64,8,0,0.000189203,0,0,1.22141,10.069
