m,t,n,k,ebno_db,ber,ber_uncoded,fer,frames,avg_enc_us,avg_dec_us
15,200,32767,29797,0,0.0883274,0.0787534,1,0,1619.75,101363
15,200,32767,29797,1,0.064665,0.0562669,1,0,1759.89,100981
15,200,32767,29797,2,0.0446161,0.0376279,1,0,1641.05,102368
15,200,32767,29797,3,0.0283453,0.0228965,1,0,1634.85,108817
15,200,32767,29797,4,0.0163489,0.0124499,1,0,1716.62,102657
15,200,32767,29797,5,0.0082346,0.00593687,1,0,1633.87,100469
15,200,32767,29797,6,0,0.00239628,0,0,1787.05,91570.3
