m,t,n,k,ebno_db,ber,ber_uncoded,fer,frames,avg_enc_us,avg_dec_us
7,15,127,36,0,0.229923,0.0822332,1,101,1.06931,62.7624
7,15,127,36,1,0.201389,0.0558226,0.971154,104,1.01923,28.9327
7,15,127,36,2,0.161315,0.0395005,0.926606,109,1.01835,28.7431
7,15,127,36,3,0.123622,0.0275657,0.770992,131,1.0458,41.9466
7,15,127,36,4,0.0573579,0.0131467,0.385496,262,1.06107,27.5344
7,15,127,36,5,0.0174997,0.00601236,0.120919,827,1.10036,25.0314
7,15,127,36,6,0.00147668,0.00229606,0.010805,9255,1.01243,22.6105
7,15,127,36,7,3.92113e-05,0.000775899,0.000291053,343580,1.17474,20.8403
7,15,127,36,8,0,0.000191194,0,1000000,1.17737,18.4937
