m,t,n,k,ebno_db,ber,ber_uncoded,cwer,codewords,avg_enc_us,avg_dec_us
7,7,127,78,0,0.142806,0.084283,0.990741,108,1.01852,7.08333
7,7,127,78,1,0.111037,0.0588629,0.991304,115,1.31304,8.73913
7,7,127,78,2,0.0781345,0.041591,0.866142,127,1.2126,7.93701
7,7,127,78,3,0.0345646,0.0250762,0.46696,227,1.13216,8.25551
7,7,127,78,4,0.0105929,0.0119071,0.13125,800,1.09,7.05875
7,7,127,78,5,0.000993434,0.00563282,0.0131113,7627,1.13242,6.22525
7,7,127,78,6,3.70734e-05,0.00240159,0.000483566,206797,1.02848,5.07013
7,7,127,78,7,2.4359e-07,0.000765526,4e-06,2000000,1.02044,4.46283
7,7,127,78,8,0,0.000192263,0,2000000,1.03921,3.98889
