m,t,n,k,ebno_db,ber,ber_uncoded,fer,frames,avg_enc_us,avg_dec_us
15,50,32767,32017,0,0.0810136,0.0786711,1,0,831.485,24425.8
15,50,32767,32017,1,0.0582379,0.0561969,1,0,795.02,25192
15,50,32767,32017,2,0.0392001,0.0374705,1,0,853.02,26373.1
15,50,32767,32017,3,0.0240293,0.0226962,1,0,750.554,23427
15,50,32767,32017,4,0.0133033,0.0125094,1,0,971.584,27079.4
15,50,32767,32017,5,0.00645387,0.00589631,1,0,770.564,24486.4
15,50,32767,32017,6,0.00263845,0.00240435,1,0,792.327,25177.4
15,50,32767,32017,7,1.62414e-07,0.000771896,0.0001,0,787.742,20618.1
15,50,32767,32017,8,0,0.000192588,0,0,770.096,16126.4
