m,t,n,k,ebno_db,ber,ber_uncoded,cwer,codewords,avg_enc_us,avg_dec_us
7,10,127,64,0,0.149799,0.0824255,0.990826,109,1.3578,8.85321
7,10,127,64,1,0.116319,0.0598291,0.91453,117,3.47863,12.5214
7,10,127,64,2,0.0798142,0.0391681,0.763514,148,1.08108,11.1081
7,10,127,64,3,0.0299121,0.023318,0.314985,327,1.07951,11.2997
7,10,127,64,4,0.0128766,0.0123788,0.141274,722,1.05125,11.6177
7,10,127,64,5,0.000776325,0.00618598,0.00829463,12056,1.01601,9.39093
7,10,127,64,6,1.14672e-05,0.00239271,0.000126317,791662,1.02161,7.59083
7,10,127,64,7,3.125e-08,0.000764109,5e-07,2000000,1.02341,6.62001
7,10,127,64,8,0,0.000188516,0,2000000,1.02331,5.96756
